{"actions":[],"apps":[{"acl":{"app":[],"field":[],"record":[]},"app":null,"category":{"categories":[],"useCategory":"false"},"form":{"layout":"[{\"id\":null,\"type\":\"ROW\",\"isSubTable\":false,\"var\":null,\"label\":null,\"controlList\":[{\"isVirtical\":true,\"styleMap\":{\"width\":193},\"type\":\"SINGLE_LINE_TEXT\",\"var\":\"Text\",\"label\":\"Event Name\"},{\"isVirtical\":true,\"styleMap\":{\"width\":120},\"type\":\"RECORD_ID\",\"var\":\"Record_number\",\"label\":\"Record number\"}]},{\"id\":null,\"type\":\"ROW\",\"isSubTable\":false,\"var\":null,\"label\":null,\"controlList\":[{\"isVirtical\":true,\"styleMap\":{\"width\":549,\"height\":162,\"innerHeight\":125},\"type\":\"EDITOR\",\"var\":\"Rich_text\",\"label\":\"Event Description\"}]},{\"id\":null,\"type\":\"ROW\",\"isSubTable\":false,\"var\":null,\"label\":null,\"controlList\":[{\"isVirtical\":true,\"styleMap\":{\"width\":549,\"height\":162,\"innerHeight\":125},\"type\":\"MULTIPLE_LINE_TEXT\",\"var\":\"Text_area\",\"label\":\"Event Description\"}]},{\"id\":null,\"type\":\"ROW\",\"isSubTable\":false,\"var\":null,\"label\":null,\"controlList\":[{\"isVirtical\":true,\"styleMap\":{\"width\":196},\"type\":\"DATETIME\",\"var\":\"Date_and_time\",\"label\":\"Event Start Time\"}]},{\"id\":null,\"type\":\"ROW\",\"isSubTable\":false,\"var\":null,\"label\":null,\"controlList\":[{\"isVirtical\":true,\"styleMap\":{\"width\":123},\"type\":\"DECIMAL\",\"var\":\"Number\",\"label\":\"Duration\"}]},{\"id\":null,\"type\":\"ROW\",\"isSubTable\":false,\"var\":null,\"label\":null,\"controlList\":[{\"isVirtical\":true,\"styleMap\":{\"width\":193},\"type\":\"DECIMAL\",\"var\":\"Number_0\",\"label\":\"Number of tickets\"}]},{\"id\":null,\"type\":\"ROW\",\"isSubTable\":false,\"var\":null,\"label\":null,\"controlList\":[{\"isVirtical\":true,\"styleMap\":{\"width\":193},\"type\":\"SINGLE_LINE_TEXT\",\"var\":\"Text_0\",\"label\":\"Venue\"}]},{\"id\":null,\"type\":\"ROW\",\"isSubTable\":false,\"var\":null,\"label\":null,\"controlList\":[{\"isVirtical\":true,\"styleMap\":{\"width\":193},\"type\":\"DECIMAL\",\"var\":\"Number_1\",\"label\":\"Price\"}]},{\"id\":null,\"type\":\"ROW\",\"isSubTable\":false,\"var\":null,\"label\":null,\"controlList\":[{\"isVirtical\":true,\"styleMap\":{\"width\":193},\"type\":\"LINK\",\"var\":\"Link\",\"label\":\"Event Pic Link\"}]},{\"id\":null,\"type\":\"ROW\",\"isSubTable\":false,\"var\":null,\"label\":null,\"controlList\":[{\"isVirtical\":true,\"styleMap\":{\"width\":260},\"type\":\"FILE\",\"var\":\"Attachment\",\"label\":\"Event Pic\"}]},{\"id\":null,\"type\":\"ROW\",\"isSubTable\":false,\"var\":null,\"label\":null,\"controlList\":[{\"isVirtical\":true,\"styleMap\":{\"width\":196},\"type\":\"CREATED_AT\",\"var\":\"Created_datetime\",\"label\":\"Created datetime\"}]}]","revision":null},"iconMeta":null,"info":{"automaticallyChooseTitleComponent":"true","code":null,"decimalPrecision":"16","decimalScale":"4","description":"","enableBulkDeletion":"false","enableRecordReuse":"true","fiscalYearStartMonth":"1","iconKey":"APP39","iconType":"PRESET","jsFiles":null,"jsScope":"ALL","name":"Event Management","roundingMode":"HALF_EVEN","theme":"PLAIN","titleComponentLocalId":null,"useComment":"true","useHistory":"true","useThumbnail":"true"},"jsFiles":[],"notification":{"appNotifications":[{"events":["RECORD_COMMENT_ADDED"],"target":{"entityId":"19687","entityType":"FIELD_ENTITY","includeSubs":"false"}},{"events":["RECORD_COMMENT_ADDED"],"target":{"entityId":"19688","entityType":"FIELD_ENTITY","includeSubs":"false"}}],"recordNotifications":[],"reminderTimezone":null,"reminders":[],"useComment":"true","useReminder":"false"},"plugins":[],"reports":[],"resource":{"tables":[{"rows":[{"fields":[],"objectId":"0","subObjectId":"-1"}],"type":"AppName"},{"rows":[{"fields":[],"objectId":"0","subObjectId":"-1"}],"type":"AppDescription"},{"rows":[{"fields":[],"objectId":"19686","subObjectId":"-1"},{"fields":[],"objectId":"19687","subObjectId":"-1"},{"fields":[],"objectId":"19688","subObjectId":"-1"},{"fields":[],"objectId":"19689","subObjectId":"-1"},{"fields":[],"objectId":"19690","subObjectId":"-1"},{"fields":[],"objectId":"19691","subObjectId":"-1"},{"fields":[],"objectId":"19692","subObjectId":"-1"},{"fields":[],"objectId":"19693","subObjectId":"-1"},{"fields":[],"objectId":"19694","subObjectId":"-1"},{"fields":[],"objectId":"19696","subObjectId":"-1"},{"fields":[],"objectId":"19697","subObjectId":"-1"},{"fields":[],"objectId":"19698","subObjectId":"-1"},{"fields":[],"objectId":"5524159","subObjectId":"-1"},{"fields":[],"objectId":"5524160","subObjectId":"-1"},{"fields":[],"objectId":"5524161","subObjectId":"-1"},{"fields":[],"objectId":"5524162","subObjectId":"-1"},{"fields":[],"objectId":"5524163","subObjectId":"-1"},{"fields":[],"objectId":"5524164","subObjectId":"-1"}],"type":"FieldLabel"},{"rows":[{"fields":[],"objectId":"20","subObjectId":"-1"}],"type":"ViewName"},{"rows":[],"type":"CategoryName"}]},"schema":{"groups":[],"revision":null,"subTable":{},"table":{"fieldList":{"19686":{"id":"19686","label":"Record number","properties":{"noLabel":"false","required":"true"},"type":"RECORD_ID","var":"Record_number"},"19687":{"id":"19687","label":"Updated by","properties":{"noLabel":"false","required":"true"},"type":"MODIFIER","var":"Updated_by"},"19688":{"id":"19688","label":"Created by","properties":{"noLabel":"false","required":"true"},"type":"CREATOR","var":"Created_by"},"19689":{"id":"19689","label":"Updated datetime","properties":{"noLabel":"false","required":"true"},"type":"MODIFIED_AT","var":"Updated_datetime"},"19690":{"id":"19690","label":"Created datetime","properties":{"noLabel":"false","required":"true"},"type":"CREATED_AT","var":"Created_datetime"},"19691":{"id":"19691","label":"Status","properties":{"noLabel":"false","required":"false"},"type":"STATUS","var":"Status"},"19692":{"id":"19692","label":"Assignee","properties":{"noLabel":"false","required":"false"},"type":"STATUS_ASSIGNEE","var":"Assignee"},"19693":{"id":"19693","label":"Categories","properties":{"noLabel":"false","required":"false"},"type":"CATEGORY","var":"Categories"},"19694":{"id":"19694","label":"Event Name","properties":{"defaultValue":"","expression":"","hideExpression":"false","max":null,"min":null,"noLabel":"false","required":"true","unique":"false"},"type":"SINGLE_LINE_TEXT","var":"Text"},"19696":{"id":"19696","label":"Event Start Time","properties":{"defaultExpression":null,"defaultValue":null,"noLabel":"false","required":"true","unique":"false"},"type":"DATETIME","var":"Date_and_time"},"19697":{"id":"19697","label":"Duration","properties":{"defaultValue":"1","digit":"false","displayScale":"2","max":null,"min":"1","noLabel":"false","required":"true","roundingMode":null,"scale":null,"unique":"false","unit":"hours","unitPosition":"AFTER"},"type":"DECIMAL","var":"Number"},"19698":{"id":"19698","label":"Number of tickets","properties":{"defaultValue":null,"digit":"false","displayScale":"0","max":null,"min":null,"noLabel":"false","required":"true","roundingMode":null,"scale":null,"unique":"false","unit":"","unitPosition":"BEFORE"},"type":"DECIMAL","var":"Number_0"},"5524159":{"id":"5524159","label":"Event Description","properties":{"defaultValue":"\u003Cdiv\u003E\u003Cb\u003EThis is placeholder for event description\u003C/b\u003E\u003C/div\u003E","noLabel":"false","required":"true"},"type":"EDITOR","var":"Rich_text"},"5524160":{"id":"5524160","label":"Event Pic","properties":{"noLabel":"false","required":"false","thumbnailSize":"250"},"type":"FILE","var":"Attachment"},"5524161":{"id":"5524161","label":"Venue","properties":{"defaultValue":"Placeholder","expression":"","hideExpression":"false","max":null,"min":null,"noLabel":"false","required":"true","unique":"false"},"type":"SINGLE_LINE_TEXT","var":"Text_0"},"5524162":{"id":"5524162","label":"Price","properties":{"defaultValue":null,"digit":"true","displayScale":"2","max":null,"min":null,"noLabel":"false","required":"true","roundingMode":null,"scale":null,"unique":"false","unit":"Flow","unitPosition":"AFTER"},"type":"DECIMAL","var":"Number_1"},"5524163":{"id":"5524163","label":"Event Pic Link","properties":{"defaultValue":"","max":null,"min":null,"noLabel":"false","protocol":"WEB","required":"false","unique":"false"},"type":"LINK","var":"Link"},"5524164":{"id":"5524164","label":"Event Description","properties":{"defaultValue":"","noLabel":"false","required":"true"},"type":"MULTIPLE_LINE_TEXT","var":"Text_area"}},"id":"1","label":"__ROOT__","properties":null,"var":"__ROOT__"}},"settingsNotesForm":{"content":null,"willBeInherited":null},"status":{"actions":[],"filters":[],"initialStateId":null,"states":[],"useStatus":"false"},"uuid":"202bd9df-aa6d-4580-9743-7c5785e0d469","views":[{"advancedMode":null,"builtinType":"ALL","device":null,"fields":[{"row":[{"columnWidth":null,"id":"19686"},{"columnWidth":null,"id":"19694"},{"columnWidth":null,"id":"19696"},{"columnWidth":null,"id":"19697"},{"columnWidth":null,"id":"19698"},{"columnWidth":null,"id":"5524159"},{"columnWidth":null,"id":"5524160"},{"columnWidth":null,"id":"5524161"},{"columnWidth":null,"id":"5524162"},{"columnWidth":null,"id":"5524163"},{"columnWidth":null,"id":"5524164"}]}],"filter":{"category":null,"offset":null,"order":[],"q":null,"size":null,"sort":[]},"html":null,"keyFieldId":null,"name":"(All records)","pager":null,"revision":null,"titleFieldId":null,"view":"20","viewType":"LIST"}]}],"description":"","iconKey":"APP39","iconMeta":null,"iconSrcAppId":"202bd9df-aa6d-4580-9743-7c5785e0d469","iconType":"PRESET","imagesMeta":[],"lookups":[],"name":"Event Management","references":[],"version":"40"}